No;RAISONSOCIALE;REGION;COMMUNE;CONTACTS;SECTEUR
1;GLORIOUS BUSINESS GROUP | GLBG;ABIDJAN;COCODY;22 00 79 48;BTP / MATERIAUX DE CONSTRUCTION
2;HYPERACCESS SYSTEMS | HAS;ABIDJAN;COCODY;22 49 29 57;INFORMATIQUES
3;OSIRIS DESIGN | OSIRIS DESIGN;ABIDJAN;YOPOUGON;21 76 19 82;BOIS ET ASSIMILES, MOBILIER ET AMEUBLEMENT
4;EBAMCI SARL;ABIDJAN;KOUMASSI;21 28 52 62;MINES ET CARRIERES, CONSTRUCTION ET BATIMENT
5;EMERTEC-BGC | EMERTEC;ABIDJAN;TREICHVILLE;07 41 04 17;BTP / MATERIAUX DE CONSTRUCTION
5;GAMA ETUDE EXECUTION & SERVICES SARL | G2ES;ABIDJAN;YOPOUGON;77 99 00 04;BTP / MATERIAUX DE CONSTRUCTION
6;COTE D'IVOIRE ESCARGOT;ABIDJAN;ANYAMA;21 74 43 46;AGROALIMENTAIRE
7;IVOIRE PRESTIGE PRESTATION | I.P.P;ABIDJAN;YOPOUGON;43 49 51 07;AUTRES ( Prestation de services )
8;BPL PROJECT EXPERTS | BPL;ABIDJAN;COCODY;22 54 40 69;ETUDES ET CONSEILS
9;BEL'IDE PUB | BEL'IDE PUB;ABIDJAN;MARCORY;09 96 20 85;AUDIOVISUEL & COMMUNICATION
10;GOLDEN CONSULTING SARL | GOLDEN CONSULTING;ABIDJAN;COCODY;22 54 67 00;AUTRES ( Conseil, audit ,expertise comptable )
11;SOCIETE AGRO-INDUSTRIELLE ET DE PRODUCTIONS C;ABIDJAN;YOPOUGON;23 52 42 41;CHIMIE / PARACHIMIE
12;ENTREPRISE COMMERCIALE | OLA BUSINESS WORLD;ABIDJAN;YOPOUGON;08 39 92 19;COMMERCE / NEGOCE / DISTRIBUTION
13;LES SEJOURS ONISS | ONISS;ABIDJAN;YOPOUGON;23 00 05 68;AUTRES ( Tourisme et Loisirs )
14;MAQUIS DU VAL | MAQUIS DU VAL;ABIDJAN;COCODY;22 44 04 64;HEBERGEMENT ET RESTAURATION
15;ENTREPRISE DES TRAVAUX EN HAUTEUR ET D’ACCÈS;ABIDJAN;COCODY;22 59 66 66;BTP / MATERIAUX DE CONSTRUCTION
16;OBEH CLEANING SERVICES;PORO;KORHOGO;07 90 51 38;ACTIVITES DE SERVICES, DE SOUTIEN ET DE BUREAU
17;EDAHTECH | EDAHTECH;ABIDJAN;BINGERVILLE;22 01 06 66;SERVICES AUX ENTREPRISES
18;INNOVAXE SARL | INNOVAXE;ABIDJAN;ADJAME;06 56 13 20;BTP / MATERIAUX DE CONSTRUCTION
19;VALERY KOUADIO-CONSEIL | V-K CONSEIL;ABIDJAN;COCODY;22 01 86 07;ETUDES ET CONSEILS
20;QUEEN TOURE ENTREPRISE | QUEEN TOURE ENTREPR;ABIDJAN;COCODY;22 40 00 66;BTP / MATERIAUX DE CONSTRUCTION
21;CISSOKO WASSA | SANSIR;ABIDJAN;COCODY;22 40 00 66;ACTIVITES DE SERVICES, DE SOUTIEN ET DE BUREAU
22;TRAORE SITA | MARKET PARTNERS;ABIDJAN;COCODY;22 40 00 66;AUTRES ( LOCATION ABRIS DIVERSES PRESTATIONS )
23;AGEXAU CONSEILS | AGEXAU CONSEILS;ABIDJAN;COCODY;86 51 75 05;SERVICES AUX ENTREPRISES
24;VEILLE INDUSTRIELLE TECHNOLOGIQUE;ABIDJAN;MARCORY;21 26 27 02;AUTRES ( COMMUNICATION PAR L'OBJET )
25;OCM BUROTEC | OCM BUROTEC;ABIDJAN;ABOBO;07 18 79 42;ACTIVITES DE SERVICES, DE SOUTIEN ET DE BUREAU
26;COCO INTER SA | COCO INTER;ABIDJAN;PLATEAU;20 32 80 77;TRANSPORTS / LOGISTIQUE
27;TRITON WEST AFRICA SARL | Importation et Distribution;ABIDJAN;TREICHVILLE;88 89 64 45;COMMERCE / NEGOCE / DISTRIBUTION
28;Elio Group | EG;ABIDJAN;COCODY;22 00 02 87;BTP / MATERIAUX DE CONSTRUCTION
29;LORD TRADING AND INVESTMENT | LTI;ABIDJAN;COCODY;22 77 95 37;COMMERCE / NEGOCE / DISTRIBUTION
30;SARL | IVOIRE GEOAGRO;ABIDJAN;YOPOUGON;22 50 73 23;AUTRES ( GEOMATIQUE-AGRICULTURE )
31;CENTRE D'IMAGERIE MEDICALE ET DE DIAGNOSTIC | C;ABIDJAN;YOPOUGON;20 01 27 23;AUTRES ( PRESTATIONS DE SERVICES )
32;IDEVERT;ABIDJAN;COCODY;07 06 75 21;AUTRES ( ENTRETETIEN D'ESPACE VERT )
33;LOCAGRI SARL;ABIDJAN;COCODY;24 38 38 90;AGROALIMENTAIRE
34;Nidal Production | Nidal Prod;ABIDJAN;COCODY;47 00 87 12;AUDIOVISUEL & COMMUNICATION
35;ATM INFORMATIQUE | ATM INFORMATIQUE;ABIDJAN;TREICHVILLE;21 24 39 81;AUTRES ( INFORMATIQUE )
36;SYNERGY TRADING | STCI;ABIDJAN;TREICHVILLE;21 25 30 46;COMMERCE / NEGOCE / DISTRIBUTION
37;ENTREPRISE BRAHIMA BAMBA | EBB;ABIDJAN;YOPOUGON;08 30 12 54;BTP / MATERIAUX DE CONSTRUCTION
38;SARL | ABM TRAVEL SARL;ABIDJAN;PORT-BOUET;21 77 20 98;AUTRES ( Agence de voyage et cargo fret aerien et maritime )
39;SuperLingua | SuperLingua;ABIDJAN;COCODY;58 30 52 98;SERVICES AUX ENTREPRISES
40;TOP TRANSIT | TT;ABIDJAN;TREICHVILLE;21 59 37 72;AUTRES ( COMMISSIONNAIRE AGREE EN DOUANE )
41;GUEI SINGA JULIETTE | ELEVATION SERVICE;ABIDJAN;YOPOUGON;41 40 19 39;COMMERCE / NEGOCE / DISTRIBUTION
42;GROUPE OBAN | GROUPE OBAN;ABIDJAN;COCODY;22 43 71 16;AGROALIMENTAIRE
43;LIBRAIRIE DELON;GBEKE;BOUAKE;31 63 21 80;COMMERCE / NEGOCE / DISTRIBUTION
44;OUEST TRANSACTION COTE DIVORE | OT-CI;ABIDJAN;ADJAME;20 37 51 86;TRANSPORTS / LOGISTIQUE
45;JMJ SARL | JMJ SARL;ABIDJAN;KOUMASSI;47 90 52 24;AUTRES ( DIVERS )
46;MULTISERVICES MARALODGE | MSML;ABIDJAN;TREICHVILLE;07 28 17 33;TOUS TRAVEAUX BATIMENTS -CLIMATISATION HOTEL
47;LABORATOIRE DE GEOTECHNIQUE ET DE CONTROLE |;ABIDJAN;COCODY;22 47 28 20;BTP / MATERIAUX DE CONSTRUCTION
48;HÔTEL MON AFRIK;ABIDJAN;BOUAKE;31 63 21 80;HEBERGEMENT ET RESTAURATION
49;5STARDIST | 5STARDIST;ABIDJAN;COCODY;49 43 61 52;AGROALIMENTAIRE
50;VAM'S SERVICES | VAM'S SERVICES;ABIDJAN;COCODY;21 74 09 33;BTP / MATERIAUX DE CONSTRUCTION
51;A.C.E ENTREPRISE | ACE;GONTOUGO;BONDOUKOU;35 90 52 68;AUTRES ( AGRO-PASTORAL/NTIC )
52;STAR SECURITE SERVICES | SSS;NAWA;SAN PEDRO;47 63 24 73;SECURITE PRIVEE DES PERSONNES ET DES BIENS
53;General Consulting Africa9 | General Consulting Africa9;ABIDJAN;KOUMASSI;09 28 10 24;BTP / MATERIAUX DE CONSTRUCTION
54;E-SAT | ETHERNET PAR SATELLITE;ABIDJAN;COCODY;07 86 18 15;INFORMATIQUES
55;USINE DE SECHAGE DE MANGUE DE OUANGOLO | U.S.M;TCHOLOGO;OUANGOLODOUGOU;07 70 69 22;AUTRES ( SECHAGE DE MANGUES )
56;IVOIRIENNE DE PROMOTION ET DE DISTRIBUTION | IPR;ABIDJAN;COCODY;22 52 37 00;COMMERCE / NEGOCE / DISTRIBUTION
57;GLOBAL LEADERS COORPORATION | GLC;ABIDJAN;COCODY;22 52 44 64;AGROALIMENTAIRE
58;ASTERIX | ASTERIX;ABIDJAN;COCODY;22 00 23 50;TELECOMS / INFORMATIQUES / ELECTRONIQUE / INDUSTRIEL
59;ST LOGISTIC;ABIDJAN;TREICHVILLE;07 55 08 08;TRANSPORTS / LOGISTIQUE
60;EDM TELECOM | EDM TELECOM;ABIDJAN;COCODY;49 91 12 66;Travaux tElEcoms (fouille, pose de PEHD et tirage de cAble FIBRE O
61;Sarl | LOC’HOPS;ABIDJAN;MARCORY;21 59 78 95;AUTRES ( Location de voitures,Agence de Voyage )
62;JLK PROMOTION | JLK PROMOTION;ABIDJAN;COCODY;08 18 36 03;ACTIVITES ARTISTIQUES, SPORTIVES ET RECREATIVES
63;HOTELLERIE - RESTAURATION - BAR | CHLC;SUD-COMOE;ADIAKE;21 30 76 96;HEBERGEMENT ET RESTAURATION
64;TRAVOPLUS CI | TRAVOPLUS CI;ABIDJAN;MARCORY;21 78 00 15;BTP / MATERIAUX DE CONSTRUCTION
65;FORATEC-LOITIO | FORATEC-LOITIO;ABIDJAN;YOPOUGON;07 98 98 74;BTP / MATERIAUX DE CONSTRUCTION
66;KENDA-AFRIQUE | KENDA-AFRIQUE;ABIDJAN;PLATEAU;20 33 19 98;TRANSPORTS / LOGISTIQUE
67;SOCIETE PHYTO PLUS | SOCIETE PHYTO PLUS;NAWA;SAN PEDRO;34 71 07 05;AGROALIMENTAIRE
68;ENERGIE PLURIELLE COTE D'IVOIRE | ENEPCI;ABIDJAN;KOUMASSI;21 28 65 26;ELECTRICITE GENERALE, VENTE, INSTALLATION ET MAINTEN
69;GLOBAL GRACE ENTREPRISE | GGE;ABIDJAN;YOPOUGON;23 48 52 98;COMMERCE / NEGOCE / DISTRIBUTION
70;H PLASTIQUES CI | H PLASTIQUES CI;ABIDJAN;ANYAMA;01 05 60 18;PLASTIQUE / CAOUTCHOUC
71;GERASSUR | GERASSUR;ABIDJAN;COCODY;22 41 48 62;BANQUE / ASSURANCE
72;GROUPE ALLIANCE | G A;ABIDJAN;COCODY;07 90 44 00;INFORMATIQUES
73;AFRICA BUSINESS | AFRICA BUSINESS;ABIDJAN;COCODY;22 54 61 14;ENSEIGNEMENT
74;LIFILED COTE D'IVOIRE | LIFILED CI;ABIDJAN;COCODY;07 28 81 81;AUTRES ( ENERGIES RENOUVELABLES )
75;GROUPE MANAHIM MULTISERVICES | G2M;ABIDJAN;COCODY;48 95 32 49;BTP / MATERIAUX DE CONSTRUCTION
76;SOMAM | SOMAM;ABIDJAN;COCODY;22 53 62 16;BTP / MATERIAUX DE CONSTRUCTION
77;BETHEL PRESSING | BETHEL PRESSING;NAWA;SAN PEDRO;34 70 47 66;AUTRES ( PRESSING LAVERIE )
78;GENERALE PRESTATION DE COTE D'IVOIRE (GPCI) | GP;YAMOUSSOUKRO;YAMOUSSOUKRO;89 23 22 41;Cormmerce gEnEral, production animale (Elevage-bourcherie
79;TURIONE TECHNOLOGIES | TT;ABIDJAN;COCODY;22 52 61 65;INFORMATIQUES
80;LA GENERALE DE DISTRIBUTION DE TRAVAUX ET DE P;ABIDJAN;KOUMASSI;07 20 07 49;AGROALIMENTAIRE
81;IMPRESSIONS | IMPRESSIONS;ABIDJAN;COCODY;79 17 17 44;PAPIER / CARTON / IMPRIMERIE
82;SANDROPHIA INTERNATIONAL;ABIDJAN;PLATEAU;20 33 23 70;COMMERCE / NEGOCE / DISTRIBUTION
83;KALLOMARKETING | KALLOMARKETING;ABIDJAN;YOPOUGON;23 53 57 77;COMMERCE / NEGOCE / DISTRIBUTION
84;GREEN MAX | GREEN MAX;ABIDJAN;COCODY;48 53 13 60;BTP / MATERIAUX DE CONSTRUCTION
85;CARNET DE VOYAGES | CV;ABIDJAN;COCODY;22 43 14 97;TRANSPORTS / LOGISTIQUE
86;MEDIMA-PHARMA | MEDIMA-PHARMA;ABIDJAN;COCODY;74 24 77 77;INDUSTRIE PHARMACEUTIQUE
87;LE FONCTIONNAIRE | LE FONCTIONNAIRE;GRANDS PONTS;DABOU;07 81 89 51;TRANSPORTS / LOGISTIQUE
88;EBURNEA CONSTRUCTION KRENIMA BTP | ECK BTP;ABIDJAN;ANYAMA;23 00 21 02;BTP / MATERIAUX DE CONSTRUCTION
89;LES ALADDINS | LES ALADDINS;ABIDJAN;COCODY;21 33 34 78;AUTRES ( DISTRIBUTION - FORMATION - BUSINESS HUB )
90;GROUPE ENOTEL;NAWA;SAN PEDRO;34 71 30 06;HEBERGEMENT ET RESTAURATION
91;MANUT CHALLENGE;ABIDJAN;TREICHVILLE;21 37 68 85;SERVICES AUX ENTREPRISES
92;MIRABELLE HOTEL | MIRABELLE HOTEL;N'ZI;DIMBOKRO;30 62 44 44;HEBERGEMENT ET RESTAURATION
93;FROID INDUSTRIEL ELECTRICITE BATIMENT | FROID IN;ABIDJAN;MARCORY;21 26 24 40;AUTRES ( FROID INDUSTRIEL-ELECTRICITE BATIMENT )
94;SociEtE CoopErative SimplifiEe Binkadi d'AkE-Douan | SCOOP;AGNEBY TIASSA;AGBOVILLE;23 54 60 35;AUTRES ( Agriculture )
95;ELECTRICITE TELECOM INFORTATIQUE ET SERVICES |;ABIDJAN;TREICHVILLE;21 35 86 08;SERVICES AUX ENTREPRISES
96;PS3D | PS3D;NAWA;SOUBRE;34 72 56 54;AGROALIMENTAIRE
97;SOCIETE IVOIRIENNE D'EXPLOITATION TOURISTIQUE |;ABIDJAN;COCODY;22 52 25 25;HEBERGEMENT ET RESTAURATION
98;CABINET CONSEILS ET DE GESTION D'ENTREPRISES |;ABIDJAN;COCODY;22 53 30 88;ETUDES ET CONSEILS
99;SOCIETE IVOIRIENNE DE TRANSIT D'ACCONAGE ET D'O;ABIDJAN;TREICHVILLE;21 25 55 27;TRANSPORTS / LOGISTIQUE
100;IVOIRE SIGNALISATIONS ET TRAVAUX DIVERS | ISTD;ABIDJAN;MARCORY;21 35 98 63;BTP / MATERIAUX DE CONSTRUCTION
101;OLEA | OLEA;ABIDJAN;COCODY;21 74 57 15;INDUSTRIE PHARMACEUTIQUE
102;ITINERAIRE STRATEGIQUE DU DEVELOPPEMENT CONS;ABIDJAN;COCODY;21 79 56 15;ETUDES ET CONSEILS
103;LES ETABLISSEMENTS SCOLAIRES MICHEL GNAN;NAWA;SOUBRE;34 72 29 18;ENSEIGNEMENT
104;GAUD COMPANY INTERNATIONALE | GCI;ABIDJAN;COCODY;22 43 03 95;BTP / MATERIAUX DE CONSTRUCTION
105;AGENCE FATY SERVICE | AFS-BTP;ABIDJAN;TREICHVILLE;21 24 24 57;BTP / MATERIAUX DE CONSTRUCTION
106;AZUR PRESSING | AZUR PRESSING;ABIDJAN;COCODY;22 41 55 30;SERVICES AUX ENTREPRISES
107;ENTREPRISE K.S | K.S;LAC;TOUMODI;06 22 81 97;BTP / MATERIAUX DE CONSTRUCTION
108;INVOLUZIONE | INVOLUZIONE;ABIDJAN;TREICHVILLE;87 62 38 95;COMMERCE / NEGOCE / DISTRIBUTION
109;SYMPOSIA CONSULT SARL | SC;ABIDJAN;COCODY;22 48 50 57;AUTRES ( EVENEMENTIELS )
110;SOCIETE COOPERATIVE AGRICOLE DE GAGNY | SOCOO;NAWA;SAN PEDRO;57 68 54 00;LA PRODUCTION, LA COLLECTE ET L'EXPORTATION DES PRO
111;RAMYA TECNOLOGIE ET INNOVATION | R T I;ABIDJAN;COCODY;47 68 20 27;ELECTRONIQUE / ELECTRICITE
112;Centre Medical ALIM;ABIDJAN;COCODY;22 53 59 00;AUTRES ( SantE humaine )
113;SOCIETE COOPERATIVE AGRICOLE ENTENTE DE MAHIN;NAWA;TABOU;24 38 03 94;AGROALIMENTAIRE
114;THABOR;ABIDJAN;COCODY;22 45 95 98;BTP / MATERIAUX DE CONSTRUCTION
115;REVUE D'IMPRIMERIE AFRICAINE | RIA;ABIDJAN;TREICHVILLE;21 24 35 98;PAPIER / CARTON / IMPRIMERIE
116;KALABOU MEUBLES;ABIDJAN;YOPOUGON;21 56 17 32;COMMERCE / NEGOCE / DISTRIBUTION
117;ECOLE SUPERIEURE D’INFORMATIQUE ET DE COMMER;ABIDJAN;COCODY;20 33 54 80;ENSEIGNEMENT
118;NANANS GROUP | NANANS GROUP;ABIDJAN;COCODY;77 84 51 33;AUDIOVISUEL & COMMUNICATION
119;ULTRACLEAN CORPORATE SARL | UCC SARL;ABIDJAN;MARCORY;21 35 98 34;SERVICES AUX ENTREPRISES
120;SENERGYS | SENERGYS;ABIDJAN;COCODY;22 49 74 08;ELECTRONIQUE / ELECTRICITE
121;ESPACE AUTOMOBILES | ESPA;ABIDJAN;MARCORY;21 35 98 74;MACHINES ET EQUIPEMENTS / AUTOMOBILE
122;SOCIETE COOPERATIVE AVEC CONSEIL D'ADMINISTRATION;INDENIE-DJUABLIN;ABENGOUROU;34 75 33 57;COMMERCE / NEGOCE / DISTRIBUTION
123;ENTREPRISE COULIBALY ET FAMILLE INTER | E.C.F-INT;ABIDJAN;YOPOUGON;23 52 62 12;BTP / MATERIAUX DE CONSTRUCTION
124;SOCIETE IVOIRIENNE DES GRANDS TRAVAUX D'AFRIQ;ABIDJAN;COCODY;225 49 15 05 16;BTP / MATERIAUX DE CONSTRUCTION
125;GANLOGIS | GANLOGIS;ABIDJAN;MARCORY;68 59 94 56;AGROALIMENTAIRE
126;HOTEL RESIDENCE NIRALA | HRN;SUD-COMOE;GRAND-BASSAM;58 33 33 67;HEBERGEMENT ET RESTAURATION
127;IVOIRE TRANSIT TRANSPORT INTER | ITTI;ABIDJAN;MARCORY;21 35 98 74;AUTRES ( Commissionnaire en douane-Transit et activitE connexes
128;L'Ivoirienne de la Construction et de la Reconstru | ICR;ABIDJAN;TREICHVILLE;09 64 43 55;BTP / MATERIAUX DE CONSTRUCTION
129;TOP CHRONO CI | TOP CHRONO CI;ABIDJAN;MARCORY;20 35 39 49;TRANSPORTS / LOGISTIQUE
130;LES EDITIONS MATRICE | LEM;ABIDJAN;YOPOUGON;58 22 45 08;PAPIER / CARTON / IMPRIMERIE
131;IVOIRE HAZOUME SOUROU | IVOIRE HS;ABIDJAN;ADJAME;20 37 73 86;AUTRES ( IMPRIMERIE )
132;COMPAGNIE DE CONSTRUCTION D'IMMOBILIERE ET D I;ABIDJAN;COCODY;22 43 08 71;BTP / MATERIAUX DE CONSTRUCTION
133;ICT4DEV | ICT4DEV;ABIDJAN;COCODY;48 90 04 55;INFORMATIQUES
134;COMPLEXE HOTELIER N'GO | HOTEL AKPARO;GRANDS PONTS;DABOU;23 57 24 38;HEBERGEMENT ET RESTAURATION
135;ELOHIM GLORY CONSULTING | ELOHIM GLORY CONSU L;ABIDJAN;YOPOUGON;21 77 70 63;ETUDES ET CONSEILS
136;COMM'EVE;ABIDJAN;COCODY;20 24 29 38;AUTRES ( IMPRIMERIE-EVENEMENTIEL-RESTAURATION-COMM
137;EASYMANAGEMENT;ABIDJAN;COCODY;22 43 38 86;ETUDES ET CONSEILS
138;SOCIETE HOTELLIERE MANTCHAN | SITHO;SUD-COMOE;GRAND-BASSAM;21 30 39 39;HEBERGEMENT ET RESTAURATION
139;ATELIER DES TECHNIQUES NOUVELLES | ATN;ABIDJAN;KOUMASSI;21 28 68 60;METAUX, CONSTRUCTIONS METALLIQUES, MECANIQUE, ELEC
140;2K Entreprise | 2KE;ABIDJAN;COCODY;22 43 61 79;ELECTRONIQUE / ELECTRICITE
141;RAMA SA | RAMA;SUD-COMOE;GRAND-BASSAM;21 31 16 66;ENSEIGNEMENT
142;CONSEIL INGENIERIE INFORMATIQUE FORMATION | 2IF;ABIDJAN;COCODY;86 31 90 77;INFORMATIQUES
143;TANO KADJO CONSTRUCTION SARL | TK Construction Sa;ABIDJAN;KOUMASSI;21 33 41 87;BTP / MATERIAUX DE CONSTRUCTION
144;NEGOCE INDUSTRIEL ET LOGISTIQUE | N I L;ABIDJAN;TREICHVILLE;21 59 47 59;COMMERCE / NEGOCE / DISTRIBUTION
145;ELITE COTE D'IVOIRE CONSULTING SARL | ELITE CI;ABIDJAN;PLATEAU;20 22 61 92;INFORMATIQUES
146;EPV LES CHERUBINS D'ANYAMA;ABIDJAN;ANYAMA;;ENSEIGNEMENT
147;KONI METAL INTERNATIONAL | KMI SARL;ABIDJAN;YOPOUGON;23 46 23 50;METALLURGIE / TRAVAIL DU METAL
148;INGENIEURS CONSEIL EN INFRASTRUCTURE | ICI-CI;ABIDJAN;PLATEAU;20 30 01 55;ETUDES ET CONSEILS
149;Coeurs Unis de JEsus et Marie | JM Transport;ABIDJAN;ADJAME;08 37 77 35;TRANSPORTS / LOGISTIQUE
150;SYNERGIE TECHNOLOGY GROUP | SYTEG;ABIDJAN;COCODY;22 43 64 40;INFORMATIQUES
151;SODETAP | SODETAP;ABIDJAN;COCODY;22 41 76 23;COMMERCE / NEGOCE / DISTRIBUTION
152;Real Commodities Sarl | RCOM Sarl;ABIDJAN;PLATEAU;49 70 89 86;COMMERCE / NEGOCE / DISTRIBUTION
153;JEKEVY SERVICES | JEKEVY SERVICES;ABIDJAN;TREICHVILLE;21 24 55 44;TRANSPORTS / LOGISTIQUE
154;CINETPAY;ABIDJAN;COCODY;22 01 86 20;SERVICES AUX ENTREPRISES
155;IBI COTE D'IVOIRE | IBI;ABIDJAN;COCODY;22 45 95 98;INFORMATIQUES
156;ETABLISSEMENT DAGNOGO KAPARI ET FILS | ADKF;ABIDJAN;YOPOUGON;22 50 99 40;AGROALIMENTAIRE
157;ZARA TRANSIT | ZT;ABIDJAN;MARCORY;21 24 28 20;AUTRES ( TRANSIT - FRET )
158;KEHANON | KEHANON;ABIDJAN;BINGERVILLE;07 23 59 97;ARTISANAT ART ET DE DECORATION
159;AK MULTI SERVICES | AK MULTI SERVICES;ABIDJAN;COCODY;08 00 74 87;HEBERGEMENT ET RESTAURATION
160;COMPTOIR IVOIRIEN DE MATERIELS AGRICOLES | CIMA;NAWA;SAN PEDRO;34 71 12 94;COMMERCE / NEGOCE / DISTRIBUTION
161;OUATTARA SIRIMA (GIP-ENTREPRISES) | GIP-ENTREPR I;ABIDJAN;MARCORY;21 26 13 73;SERVICES AUX ENTREPRISES
162;REGIE INDENIE | REGIE INDENIE;ABIDJAN;COCODY;22 42 09 07;AUDIOVISUEL & COMMUNICATION
163;AL HOUDA VOYAGE | AL HOUDA VOYAGE;ABIDJAN;YOPOUGON;23 00 18 80;AUTRES ( VOYAGES ET TOURISMES )
164;ENTREPRISE ELIAS | ELIAS;ABIDJAN;YOPOUGON;21 26 29 42;BTP / MATERIAUX DE CONSTRUCTION
165;CAK PRESTATIONS | CAKP;ABIDJAN;COCODY;22 59 15 21;AUTRES ( RESTAURATION-SERVICES TRAITEUR & LOCATION )
166;ATELIER G & Z;ABIDJAN;KOUMASSI;21 28 80 90;AUTRES ( Balancier pour l'installation, la rEparation des compteurs h
167;VISIONS PHARMA CI;ABIDJAN;MARCORY;22 42 96 10;INDUSTRIE PHARMACEUTIQUE
168;SOUMKO GROUP;ABIDJAN;COCODY;57 66 65 67;AUTRES ( AGENCE DE VOYAGES ET TOURISME, EVENEMENTI
169;2K ENTREPRISE;ABIDJAN;COCODY;+225 07 90 99 40;ELECTRICITE, GENIE CIVIL
170;3R TECHNOLOGIE;ABIDJAN;MARCORY;+225 48 78 97 87;INFORMATIQUES
171;AB GROUP;ABIDJAN;COCODY;+225 07 73 45 36;TRANSPORT LOGISTIQUE
172;ABASS PRESTATION ET SERVICES;ABIDJAN;ADJAME;+225 08 19 25 33;BTP / MATERIAUX DE CONSTRUCTION
173;AFRICAN CHALLENGE SERVICES;ABIDJAN;COCODY;07 83 20 92;COMMUNICATION, STRATEGIE, SERVICES DIVERSES
174;AFRICAN FIBER CABLE FACTORY;ABIDJAN;PLATEAU;+225 88 32 86 79;ASSEMBLAGE DE CABLE FIBRE OPTIQUE
175;ALLIANCE ZAGO ENTREPRISE;ABIDJAN;YOPOUGON;+225 77 11 62 62;ACTIVITE DE SERVICES, DE SOUTIEN ET DE BUREAU
176;ALLMANN GROUP;ABIDJAN;RIVIERA PALMERAIE;+225 08 42 77 75;BTP / MATERIAUX DE CONSTRUCTION
177;BAFAGA SERVICES;ABIDJAN;COCODY ANGRE;+225 09 85 72 14;ACTIVITES DE SERVICES, DE SOUTIEN ET DE BUREAU
178;BARUC SARL;ABIDJAN;COCODY;+225 07 06 77 71;BTP / MATERIAUX DE CONSTRUCTION
179;BIOMEA;ABIDJAN;2 PLATEAUX;+225 75 48 37 35;SANTE
180;BIOSYNERGIE;ABIDJAN;2 PLATEAUX;+225 57 48 18 44;COMMERCE / NEGOCE / DISTRIBUTION
181;CARSYL SARL;ABIDJAN;COCODY;+225 07 57 19 90 90;AGRO-PASTORAL, TIC, DIVERSES PRESTATION
182;COLLEGE LE BON BERGER;LOH-DJIBOUA;DIVO;+225 32 76 28 92;ENSEIGNEMENT
183;COMPLEXE HOTELIER LE JARDIN D’EDEN;N'ZI;BOCANDA;+225 58 07 34 60;HOTELLERIE / LOCATION DE SALLE / SERVICE TRAITEUR
184;COOPERATIVE AGRICOLE SIBOULAKA DE BONON;MARAHOUE;BONON;+225 07 78 73 65;COOPERATIVE
185;DAREEN ENTREPRISE;ABIDJAN;COCODY;+225 54 54 04 01;TRANSPORT / LOGISTIQUE
186;DESTINY VOYAGES TOURISME TRAVEL AGENCY;ABIDJAN;COCODY;+225 56 09 79 61;TRANSPORT / LOGISTIQUE
187;DGE PRODUCTION;NAWA;SAN PEDRO;+225 07 35 34 79;AUDIOVISUEL & COMMUNICATION
188;ENTREPRISE SOW IBRAHIMA ET FILS;TCHOLOGO;OUANGOLODOUGOU;+225 08 23 55 53;TRANSPORT / LOGISTIQUE
189;ETUDES ET RECHERCHE DE FINANCEMENT;ABIDJAN;COCODY ANGRE;+225 09 30 83 62;ETUDES ET CONSEILS
190;GRANDE ENTREPRISE SOW-TRAVAUX PUBLICS ET CON;TONKPI;MAN;+225 08 72 16 57;BTP / MATERIAUX DE CONSTRUCTION
191;GROUPE KAF INTERNATIONAL / BTP SARL;ABIDJAN;COCODY RIVIERA;+225 06 04 03 11;BTP / MATERIAUX DE CONSTRUCTION
192;HARMONIE SERVICES COTE D’IVOIRE;YAMOUSSOUKRO;YAMOUSSOUKRO;+225 07 99 19 28;BTP / MATERIAUX DE CONSTRUCTION
193;HOTEL GLORIA;GOH;GAGNOA;+225 02 25 11 24;HEBERGEMENT ET RESTAURATION
194;HOTEL HOREZA;HAUT-SASSANDRA;DALOA;+225 07 69 17 40;HEBERGEMENT ET RESTAURATION
195;INTELLIGENCE;ABIDJAN;COCODY;+225 01 06 03 92;SERVICES AUX ENTREPRISES
196;IVOIRE ESPERANCE SERVICES;ABIDJAN;2 PLATEAUX;+225 08 32 35 48;ETUDES ET CONSEILS
197;KARMAX;ABIDJAN;PORT BOUET;+225 47 55 71 85;HOTELERIE RESTAURATION BAR RECOUVREMENT DE CREAN
198;LOGIMMO SARL;ABIDJAN;COCODY;+225 54 00 00 04;TRANSPORTS / LOGISTIQUE
199;LOGISTIC TRANSPORT ET FRET;ABIDJAN;PLATEAU;+225 08 23 26 10;TRANSPORTS / LOGISTIQUE
200;LOGISTIQUE CONSEIL;TCHOLOGO;FERKE;+225 48 03 74 95;BTP, GENIE CIVIL
201;LORENZO HOTELS ET RESORTS;HAUT-SASSANDRA;DALOA;+225 01 20 25 20;HEBERGEMENT ET RESTAURATION
202;LUNA VOYAGES;ABIDJAN;TREICHVILLE;+225 01 05 43 39;AGENCE DE VOYAGES ET TOURISME, BILLETERIE
203;MATIS INTERNATIONAL;ABIDJAN;BINGERVILLE;+225 48 09 50 14;MECANIQUE / TRANSPORT
204;MOTCHET ENTREPRISE;ABIDJAN;COCODY;+225 47 99 60 92;PRESTATION DE SERVICE, AGRO-PASTORALES
205;NEGOCE-CI;ABIDJAN;ABOBO;+225 09 49 84 28;COMMERCE / NEGOCE / DISTRIBUTION
206;ORIGIN7;ABIDJAN;COCODY;+225 08 53 55 78;AUDIOVISUEL ET COMMUNICATION
207;SOCIETE AFRICAINE DE PREVENTION ET DE LA SURVE;ABIDJAN;TREICHVILLE;+225 45 00 52 01;SERVICES AUX ENTREPRISES
208;SOCIETE COOPERATIVE AGRICOLE FRATERNITE D’ADZ;ME;ADZOPE;+225 08 58 52 09;COMMERCE / NEGOCE / DISTRIBUTION
209;SOCIETE COOPERATIVE DES PRODUCTEURS EMERGENTS;LOH-DJIBOUA;DIVO;+225 09 15 07 62;AGROALIMENTAIRE
210;SOCIETE AKF;ABIDJAN;PLATEAU DOKUI;+225 09 57 06 10;BTP / MATERIAUX DE CONSTRUCTION
211;SOCIETE DE COMMERCE ET LOGISTIQUE;ABIDJAN;ADJAME;+225 47 37 40 19;TRANSPORT / LOGISTIQUE
212;SOCIETE DES PRODUITS OLEAGINEUX DE COTE D’IVOI;ABIDJAN;COCODY;+225 09 30 83 62;AGRO-INDUSTRIEL
213;SOLUTECH 3D;ABIDJAN;2 PLATEAUX;+225 05 56 48 42;INFORMATIQUES
214;TOUTAZIMUTS;ABIDJAN;COCODY;+225 07 07 82 61;AUDIOVISUEL & COMMUNICATION
215;EPV CHYADEL;ABIDJAN;YOPOUGON;+225 07 69 99 66;ENSEIGNEMENT
216;DOUBAS MULTI SERVICE;ABIDJAN;TREICHVILLE;07 69 11 99 66;IMPORT ET EXPORT DE MARCHANDISES, RENOVATION DE BA
217;GROUPE SCOLAIRE LA COLOMBE;ABIDJAN;YOPOUGON;07 58 56 34 69;ENSEIGNEMENT
218;KRYSTAL SECURITY;ABIDJAN;TREICHVILLE;07 69 11 99 66;SECURITE
219;SOCIETE COOPERATIVE SIMPLIFIEE POUR LA PROMOT;BOUAKE;BOUAKE;01 02 08 58 35;PRODUCTION, COLLECTE, STOCKAGE, COMMERCIALISATION
220;SOCIETE ELECTRONIQUE DES TECHNOLOGIES D’INFO;ABIDJAN;COCODY;07 09 82 11 80;TELECOM, TOUS TRAVAUX D’ELECTRIFICATION, PRESTATION
221;WAKEFULNESS IVAL COMPANY;ABIDJAN;YOPOUGON;07 49 02 72 12;BTP / MATERIAUX DE CONSTRUCTION
222;WORLD LINE SHIPPING SARL;ABIDJAN;PORT-BOUET;05 45 47 95 47;COMMERCE / NEGOCE / DISTRIBUSTION
223;GROUPE DEMBELE ET FRERES;ABIDJAN;ADJAME;07 58 60 98 81;TRANSPORT / LOGISTIQUE
224;GROUPE M’VOLAIS;ABIDJAN;YOPOUGON MAROC;07 07 71 25 83;COMMERCE / NEGOCE / DISTRIBUTION
225;ANGEBENY ENERGIE;ABIDJAN;TREICHVILLE;07 48 00 01 15;COMMERCE / NEGOCE / DISTRIBUTION
226;LYNAYS;ABIDJAN;COCODY;07 09 89 42 37;INGENIERIE
227;QUINCALLERIE INDUSTRIELLE SARL;ABIDJAN;YOPOUGON;07 57 95 07 19;FOURNITURE ET POSE DE MATERIELS INDUSTRIELS, IMPORT
228;AFRICAN BUSSINESS.COM;ABIDJAN;YOPOUGON;07 07 52 56 75;VENTE DE PRODUITS ALIMENTAIRES, LIVRAISON DE MATERIE
229;SUD DISTRIBUTION;ABIDJAN;MARCORY;07 07 20 47 22;IMPORT-EXPORT DE PRODUITS ALIMENTAIRES ET PRESTATIO F
230;GENERAL LOGISTICS SYSTEMS;ABIDJAN;TREICHVILLE;07 57 57 29 32;TRANSIT DOUANE, MARITIME, AERIEN, TERRESTRE, BTP, ELE
231;ELITRA;ABIDJAN;YOPOUGON;07 08 56 12 77;BTP / MATERIAUX DE CONSTRUCTION
232;GITER ENERGIE;ABIDJAN;COCODY;07 07 82 72 05;ELECTRICITE
233;COMPAGNIE IVOIRIENNE DE PRODUCTION DE VIVRIER;ABIDJAN;ABOBO;07 09 88 99 75;PRODUCTION ET COLLECTE DE PRODUITS AGRICOLES, TRAN
234;BAKISSON INTER TOUS TRAVAUX DE CONSTRUCTION;ABIDJAN;ABOBO N’DOTRE;07 08 77 74 41;BTP / MATERIAUX DE CONSTRUCTION
235;FONCIER IMMOBILIER HABITAT OUVERT A TOUS;ABIDJAN;YOPOUGON;01 02 11 68 46;BTP / MATERIAUX DE CONSTRUCTION
236;IMMOBILIER DIOMANDE OUATTARA SEBOGO;ABIDJAN;ABOBO;07 47 45 44 42;BTP / MATERIAUX DE CONSTRUCTION
237;AFRIK TEXTILE;ABIDJAN;ADJAME;07 07 74 79 19;COMMERCE DE PAGNES
238;AUGUR INDUSTRIES SA;AGNEBY-TIASSA;AZAGUIE;07 07 09 59 03;AGROALIMENTAIRE
239;ZOUHOUNIDA MULTI-SERVICES;ABIDJAN;YOPOUGON;05 84 11 14 50;VENTE DE PRET A PORTER ET ARTICLES DIVERSES
240;SOCIETE IVOIRIENNE D’ELECTRICITE, D’AUTOMATISME;ABIDJAN;KOUMASSI;07 07 88 98 65;ELECTRICITE, AUTOMATISME, FORMATION, TRAVAUX DIVERS
241;KANTE FANTA | DISTRIPREST;ABIDJAN;ADJAME;07 08 11 25 57;VENTE DE PRODUITS AGROALIMENTAIRES
242;NOUVELLE SOCIETE IVOIRIENNE DE SERVICES ET DE C KORHOGO;;KORHOGO;05 05 16 41 20;COMMERCE / PRESTATION DE SERVICES ET DIVERS
243;BLESSING FERME;AGNEBY-TIASSA;TIASSALE;07 58 02 36 34;ELEVAGE DE POULETS
244;ENTREPRISE GENERALE DE MENUISERIE ET TRAVAUX;ABIDJAN;ABOBO;05 05 68 29 70;BOIS ET ASSIMILES, MOBILIER ET AMEUBLEMENT
245;GENERALE TECHNOLOGY;ABIDJAN;COCODY;07 09 09 50 90;BTP / MATERIAUX DE CONSTRUCTION
246;ADI GROUP;ABIDJAN;YOPOUGON;07 07 49 64 39;INFORMATIQUES
247;INGENIERIE DES SYSTEMES ELECTRIQUES & EXPERTI;ABIDJAN;COCODY;05 05 99 77 53;ETUDE, EXPERTISE, FORMATION
248;IVOIRIENNE DE REGULATION DE TENSION ET TRAVAUX ABIDJAN;;COCODY;07 07 80 85 12;MAINTENANCE DES RESEAUX ELECTRIQUES
249;LAGUNE TRANSPORT ET LOGISTIQUE;ABIDJAN;COCODY;07 67 68 08 15;TRANSPORT / LOGISTIQUE
250;BIBCI;ABIDJAN;BINGERVILLE;07 07 50 94 56;BUREAUTIQUE – INFORMATIQUE - BATIMENT
251;RACHA ADIEUVAT SARL;ABIDJAN;COCODY;07 79 08 64 03;BTP / MATERIAUX DE CONSTRUCTION
252;GETSOLUPRO;ABIDJAN;COCODY;07 07 00 04 79;INGENIERIE DES TELECOMMUNICATIONS
253;KAMARA MARYSE SERVICES;ABIDJAN;COCODY;07 59 20 94 98;VENTE DE PRODUITS COSMETIQUES
254;ENTREPRISE LA PROVIDENCE;NAWA;SOUBRE;07 48 66 84 40;VENTE DE MARCHANDISES
255;EDITION FABS;ABIDJAN;BINGERVILLE;07 07 13 08 22;TRAVAUX D’IMPRIMERIE ET EDITIONS
256;ASSURTIS SARL;ABIDJAN;TREICHVILLE;07 08 26 39 13;COURTAGE EN ASSURANCE
257;BARAKA MEFAZE;ABIDJAN;TREICHVILLE;07 08 34 93 10;ACHAT, VENTE DE VETEMENTS ET DIVERS
258;AKE SHOES;ABIDJAN;ABOBO;07 09 28 70 75;ACHAT, VENTE ET CONFECTION DE CHAUSSURES
259;LEYLA ENTREPRISE;ABIDJAN;KOUMASSI;07 08 95 31 87;IMPORT-EXPORT DE PRODUITS VIVRIERS, PRODUCTION
260;ETABLISSEMENT HERNDON IMPORT - EXPORT SERVICE;ABIDJAN;COCODY;07 79 74 74 01;IMPORT-EXPORT, GENIE CIVIL, VENTE D’ORDINATEURS
261;APINOME;AGNEBY-TIASSA;SIKENSI;07 07 43 15 60;APICULTURE, COMMERCIALISATION DE PRODUITS ET MATER I
262;CODE BLEU;ABIDJAN;COCODY;01 40 90 48 18;FORMATION, SANTE ET PRESTATIONS
263;SIRA HOLDING;ABIDJAN;TREICHVILLE;07 07 23 87 81;COMMERCE / NEGOCE / DISTRIBUTION
264;SEJO GROUPE SARL;ABIDJAN;RIVIERA PALMERAIE;07 59 74 79 62;BTP / VENTE DE MOBILIERS DE BUREAUX
265;AVE SERVICE;ABIDJAN;COCODY;07 07 79 61 19;FOURNITURE DE BUREAU
266;KOUA MAZAN;LOH-DJIBOUA;DIVO;07 47 40 83 60;VENTE DE FRIPERIE
267;PASSIONS ET SERVICES;ABIDJAN;BINGERVILLE;07 79 68 41 19;EVENEMENTIEL - RESTAURATION
268;AFRIBED;ABIDJAN;COCODY ANGRE;07 07 64 46 31;BTP – CONSTRUCTION – GENIE CIVIL
269;YONAS INTERNATIONAL;ABIDJAN;COCODY ANGRE;01 02 32 07 17;ACHAT ET VENTE DE GAZ, LOCATION DE VAISSELLE
270;SCOOPS COOPRACI;SUD COMOE;ABOISSO;07 07 31 57 27;AGRICOLE
271;RESTAURANT – BAR LE SOUKALO;ABIDJAN;TREICHVILLE;05 06 35 06 06;RESTAURANT - EVENT
272;ETS NAMARO;ABIDJAN;ABOBO BANCO;07 47 63 31 44;ACHAT ET VENTE DE PIECES DETACHEES
273;AFRICA-VILLAGE SHOP;ABIDJAN;RIVIERA PALMERAIE;07 08 65 14 92;CONFECTION DE CHAUSSURES, DES BIJOUX ET DIVERS
274;RIZ DE COTE D’IVOIRE;ABIDJAN;YOPOUGON;07 77 22 62 77;ACHAT, DECORTICAGE, COMMERCIALISATION DE RIZ LOCAL E
275;MORIM MULTISERVICES;ABIDJAN;COCODY;07 07 00 55 72;FOURNITURE DE BUREAU
276;PHARMACIE LA ROSEE DE L’HERMON;ABIDJAN;YOPOUGON;07 89 21 72 19;INDUSTRIE PHARMACEUTIQUE
277;GROUPE SCOLAIRE BETHANIE;ABIDJAN;YOPOUGON;01 01 02 56 19;ENSEIGNEMENT
278;CIPLAST;ABIDJAN;YOPOUGON;01 40 82 82 25;TRANSFORMATION PLASTIQUE
279;GROUPE CONNECT IEBS;ABIDJAN;COCODY;225 07 07 08 69 75;CREATION ET GESTION D’ETABLISSEMENT
280;AFRICAN STRATEGICS OPPORTUNITIES GROUP;ABIDJAN;COCODY;+225 07 07 78 26 29;GESTION ET PROMOTION IMMOBILIERE
281;JD EDITIONS;ABIDJAN;YOPOUGON;+225 07 07 81 51 47;EDITIONS
282;AS SERVICE;NAWA;SOUBRE;225 07 47 26 97 36;COMMUNICATION - TRANSFERT D’ARGENT - DIVERS
283;MAORSE CONSEIL;ABIDJAN;COCODY RIVIERA;+225 01 40 14 76 76;"CONSEIL AUX ENTREPRISES, ASSISTANCE FISCALE,
COMPTABLE ET JURIDIQUE"
284;DIELIMAR SARL;ABIDJAN;COCODY;+225 07 08 47 57 20;TOPOGRAPHIE – LOTISSEMENT – EXPERTISE - FONCIER
285;SOCIETE CIVILE IMMOBILIERE DONGUI;ABIDJAN;COCODY;+225 07 08 47 57 20;ACQUISITOIRE EN PROPRIETE
286;SOCIETE IVOIRIENNE DES FRERES;ABIDJAN;COCODY ANGRE;+225 07 07 90 23 13;BTP – ELECTRICITE GENERALE - IMPORT-EXPORT - TRANSPO
287;ETABLISSEMENT TELEPHONIQUE DE COTE D’IVOIRE;NAWA;SAN PEDRO;+225 07 07 82 05 04;INSTALLATION – DEPANNAGE – VENTE D’AUTOCOM - DIVERS
288;MIDAFB;ABIDJAN;PORT-BOUET;+225 07 07 59 15 74;BTP / MATERIAUX DE CONSTRUCTION
289;LES EDITIONS MATRICE;ABIDJAN;YOPOUGON;+225 07 07 25 49 25;EDITIONS DE LIVRE
290;FOYER SAINT JOSEPH;ABIDJAN;BINGERVILLE;+225 07 07 52 15 75;CRECHE, GARDERIE
291;COMPAGNIE DE BATIMENT ET DE GENIE CIVIL EN COTE ABIDJAN;;YOPOUGON;+225 07 57 13 31 39;TRAVAUX PUBLICS – GENIE CIVIL – GENIE RURAL
292;CIMEF INTERNATIONAL;ABIDJAN;COCODY;+225 07 58 20 05 03;FORMATION, CONSEIL ET RECRUTEMENT
293;SOCIETE GENERALE DE GESTION IMMOBILIERE, DU BA;ABIDJAN;COCODY RIVIERA;+225 07 07 63 44 37;CONSTRUCTION BATIMENT
294;AFRICAINE DE SERVICE ET DE TECHNOLOGIE CI / ASTC ABIDJAN;;COCODY;+225 07 57 00 59 59;PRESTATION DE SERVICES – TOUS TRAVAUX DE BATIMENT
295;MY PRIVILEG SARL;ABIDJAN;COCODY;+225 05 46 00 00 96;CABINET CONSEIL EN MANAGEMENT DES ORGANISATIONS E T
296;PHARMALINK GROUP;ABIDJAN;ATTECOUBE;225 07 08 19 20 28;REPRESENTATION ET PROMOTION DES PRODUITS PHARMAC
297;SOCIETE NOBLESS CONSEILS SARL;ABIDJAN;TREICHVILLE;+225 07 08 36 55 68;FOURNITURE DE TOUT TYPE DE PRESTATIONS DE SERVICES
298;KONAN CHARLES GABIN;ABIDJAN;TREICHVILLE;+225 05 05 64 01 95;IMPORT-EXPORT DE PRODUITS SURGELES ET DIVERSES PRE
299;VISION CONSTRUCTION +;ABIDJAN;YOPOUGON;+225 07 07 43 54 51;BATIMENT, GENIE CIVIL, ELECTRICITE
300;ETTY CONSULTING IMPORT-EXPORT;ABIDJAN;YOPOUGON;+225 07 79 49 70 07;IMPORT-EXPORT DE MARCHANDISES, COMMERCE ELECTRON
301;TOHOUNDJO INES CELIA;AGNEBY-TIASSA;AGBOVILLE;+225 07 47 47 33 49;ACHAT ET VENTE DE MARCHANDISES DIVERSES
302;WIZODIA COTE D’IVOIRE;ABIDJAN;RIVIERA ATTOBAN;+225 07 87 86 32 85;LE CONSEIL POUR LES AFFAIRES ET AUTRES CONSEILS DE G
303;DIARRA ROKIATOU EPSE N’GUESSAN (REHOBOTH BOU;ABIDJAN;YOPOUGON GABRIEL;+225 01 02 53 54 68;VENTE D’HUILE DE PALME
304;ETABLISSEMENT GAMAÏ SARL;ABIDJAN;COCODY;+225 07 87 57 09 09;IMPORT-EXPORT, CONSTRUCTION, NETTOYAGE, VOIRIE
305;KOUAMI KOUAKOU GERARD (ROCHEL SERVICES);ABIDJAN;PORT-BOUET;+225 07 09 66 10 54;ELECTRICITE, BATIMENT, INDUSTRIEL
306;GODO EMMANUEL ROLAND (GERE BTP;GRANDS PONTS;GRAND LAHOU;+225 01 51 50 33 67;HOTELLERIE
307;INSTITUTS OF BUSINESS MANAGEMENT COMMUNICATI;ABIDJAN;COCODY 2 PLATEAUX;+225 07 58 22 18 29;FORMATION LINGUISTIQUE – FAST FOOD
308;PRO WORK INTERNATIONAL SERVICES;ABIDJAN;COCODY ANGRE;+225 07 07 97 37 55;MAINTENANCE INDUSTRIELLE, CONSTRUCTION, FORMATION
309;BAKAYOKO SIDIKI (ETABLISSEMENT COMMERCIAL ET I;ABIDJAN;COCODY;+225 07 07 04 94 91;IMPORT-EXPORT, VENTE DE PIECES DETACHEES ET DIVERS
310;AFRICAINE DE PRESTATION DE SERVICES;ABIDJAN;COCODY DEUX PLATEAUX;+225 01 01 30 23 58;BTP – FOURNITURES DE BUREAU
311;ECOLE SUPERIEURE DE MANAGEMENT ET DES TECHN;ABIDJAN;YOPOUGON QUARTIER;+225 07 08 26 33 48;ENSEIGNEMENT SUPERIEUR – FORMATION PROFESSIONNEL
312;SET INTERNATIONAL;ABIDJAN;COCODY 2 PLATEAUX;+225 07 07 67 30 67;GENIE CIVIL – BATIMENTS - FOURNITURES
313;SOLIGHT ENGINEERING;ABIDJAN;PLATEAU;+225 07 57 68 22 51;MONTAGE, VENTE, INSTALLATION D’EQUIPEMENT ELECTRIQU
314;ETOILES TRANSIT INTER;ABIDJAN;TREICHVILLE;+225 07 07 35 67 32;TRANSIT – TRANSPORT
315;YAO KOMENAN CELESTIN (ETS YKC);ABIDJAN;KOUMASSI;+225 07 58 50 58 15;SOUDURE – CONSTRUCTION METALLIQUE - TUYAUTERIE
316;ECOLE PRIMAIRE PRIVEE UNION FORCE;ABIDJAN;KOUMASSI;+225 07 07 23 64 80;ENSEIGNEMENT PRIMAIRE PRIVE
317;DAGBARA OMIE OLGA (EL ROÏ);AGNEBY-TIASSA;TIASSALE;+225 07 07 24 23 65;ELEVAGE – ACHAT ET VENTE DE MARCHANDISES DIVERSES
318;ELEMBO SARL;ABIDJAN;COCODY;+225 05 05 85 71 36;PATISSERIE ET TRANSFORMATION DES PRODUITS DU TERRO
319;KAFINE SERVICE;ABIDJAN;ABOBO;+225 05 06 90 03 06;ACHAT ET VENTE DE PRODUITS VIVRIERS
320;MAMADOU DOSSO (M.D. MECANO);ABIDJAN;ADJAME;+225 05 55 02 12 08;PRESTATIONS ET MECANOGRAPHE
321;NUMERIC SERVICES SOLUTIONS;ABIDJAN;BINGERVILLE;+225 07 69 05 05 21;ARTS GRAPHIQUES, IMPRESSION NUMERIQUE ET OFFSET
322;CABINET DE FORMATION AUX METIERS DE L’AVIATION;ABIDJAN;PORT-BOUET AEROPORT;+225 07 07 07 38 88;FORMATION PROFESSIONNELLE
323;SECURITECH;ABIDJAN;YOPOUGON;+225 07 07 95 48 29;LA SECURITE DES BIENS ET DES PERSONNES, LA SECURITE E
324;ETABLISSEMENTS HIRAM;ABIDJAN;COCODY;+225 01 41 60 44 44;
325;ENTREPRISE KABLAN A. SIMONE;ABIDJAN;YOPOUGON;+225 07 07 25 38 64;AVITAILLEMENT ET ENTRETIEN MARITIMES, CONSTRUCTION
326;SOCIETE DE MECANIQUE GENERALE;ABIDJAN;MARCORY;+225 07 07 01 70 11;PRESTATIONS DE SERVICES INDUSTRIELS CHAUDRONNERIE
327;ENTREPRISE SORO MAMADOU;ABIDJAN;YOPOUGON;+225 07 57 27 72 10;TRAVAUX BATIMENTS, TRAVAUX PUBLICS, GENIE CIVIL
328;ATLANTIQUE TRADING ET DIVERS;ABIDJAN;ABOBO PLATEAU DOKUI;+225 07 07 59 41 31;TRAVAUX HYDRAULIQUES, PLOMBERIE ET ENERGIE RENOUV
329;KOSADA;PORO;KORHOGO;+225 01 01 62 46 46;TRANSPORT DE MARCHANDISES IMPORT-EXPORT
330;HYELIA ETABLISSEMENT;ABIDJAN;COCODY RIVIERA ATTOBAN;+225 07 67 50 44 82;BTP
331;SPHENS COTE D’IVOIRE SARL;ABIDJAN;YOPOUGON;+225 07 87 08 47 08;TRANSPORT, COMMERCE GENERAL, VENTE DE BOIS ET DE C
332;EBURNEA TRANSIT ET SERVICES;ABIDJAN;TREICHVILLE;+225 07 07 08 24 69;TRANSIT ET DIVERS
333;ENTREPRISE BAMBA FATOU;ABIDJAN;YOPOUGON;+225 07 68 81 44 00;COMMERCE, ELEVAGE ET DIVERS
334;SIMI AUTO;ABIDJAN;YOPOUGON;+225 07 07 74 51 57;GARAGE AUTOMOBILE
335;AFRICAT GROUP;ABIDJAN;COCODY;+225 07 07 55 22 56;
336;CATALYSE BEAUTE-SANTE;ABIDJAN;TREICHVILLE;+225 07 07 09 02 10;VENTE DE PRODUITS COSMETIQUES
337;ETS SYLLA MARIAM;ABIDJAN;ADJAME;+225 07 49 75 75 44;COMMERCE DE CHAUSSURES ET DIVERS
338;FOFANA NAMORY (IVOIRE MAINTENANCE);HAUT-SASSANDRA;DALOA;+225 07 08 12 58 17;VENTE DE MATERIEL INFORMATIQUE, MAINTENANCE
339;MEX-PRES-CI;ABIDJAN;ABOBO;+225 05 46 72 91 37;IMPORT-EXPORT, LES PRESTATIONS
340;SOCOREMF-CI;ABIDJAN;ABOBO;+225 07 47 69 44 93;RECUPERATION ET COLLECTE DE METAUX
341;YAO KOUACOU MARTIAL (BTP-SOLUTION);ABIDJAN;MARCORY;+225 07 47 83 10 73;INGENIERIE CIVIL – CONSTRUCTION
342;SARAGALO HAMADOU COULIBALY (ENTREPRISE D’INT E;PORO;KORHOGO;+225 07 09 00 90 09;TRANSPORT – ACHAT ET VENTE DE PRODUITS - DISTRIBUTIO
343;CENTRE MEDICAL CROZET;ABIDJAN;PLATEAU;+225 07 79 47 15 17;CONSULTATION MEDICALE, PREVENTION ET SOIN
344;XPERT GROUP;ABIDJAN;YOPOUGON;+225 07 07 31 49 16;BTP / MATERIAUX DE CONSTRUCTION
345;SOCIETE COOPERATIVE DES PRODUCTEURS AGRICOL;GONTOUGO;BONDOUKOU;+225 07 48 35 74 70;
346;MIEN-SAH BOUTIQUE;AGNEBY-TIASSA;AZAGUIE;+225 07 49 11 90 09;ACHAT ET VENTE D’EFFETS VESTIMENTAIRES, CHAUSSURES
347;GROUPE ESPERANCE;ME;ADZOPE;+225 01 03 68 51 24;ELEVAGE
348;KEDY CORP;ABIDJAN;COCODY;+225 07 67 78 73 57;BTP / MATERIAUX DE CONSTRUCTION
349;SOCIETE DE PRODUCTION ET DE DISTRIBUTION;ABIDJAN;COCODY;+225 07 08 37 10 78;AGROALIMENTAIRE
350;I-TECH INVEST;ABIDJAN;COCODY;+225 05 44 61 23 23;TRANSPORT / LOGISTIQUE
351;IVOIRE GLOBE PRESTATIONS;ABIDJAN;COCODY;+225 07 07 36 16 95;BTP / MATERIAUX DE CONSTRUCTION
352;SAM CONSULTING;ABIDJAN;ABOBO;+225 05 75 14 09 09;BTP / MATERIAUX DE CONSTRUCTION
353;UNIVERS CONSTRUCTIONS;ABIDJAN;TREICHVILLE;+225 07 07 18 49 19;BTP / MATERIAUX DE CONSTRUCTION
354;MERLAN TRANSPORT;ABIDJAN;ADJAME;+225 07 58 87 88 63;TRANSPORT / LOGISTIQUE
355;YACINE MULTI-SERVICES;ABIDJAN;COCODY;+225 07 59 22 96 41;EXPLOITATION DE CARRIERES DE SABLE, COMME
356;BRAHIMA BAKAYOKO (GENERAL PRESTATION;TONKPI;DANANE;+225 07 08 23 28 50;FOURNITURE ET PRESTATION DE SERVICES
357;GEO-ENGINEERING DESIGN AND SURVEYING;ABIDJAN;COCODY;+225 07 77 08 04 54;BTP / MATERIAUX DE CONSTRUCTION
358;CYRIAM DISTRIBUTION;BOUKANI;BOUNA;225 05 06 84 86 80;ACHAT ET VENTE DE PRODUITS PHYTOSANITAIRE ET DE MAT
359;NET SERVICES TRANSPORT;ABIDJAN;KOUMASSI;225 05 45 26 32 63;TRANSPORT DE PERSONNE ET DE MARCHANDISE
360;CABINET D'EXPERTISE, DE CONSEIL ET DE COURTAGE;ABIDJAN;COCODY;225 05 45 26 32 63;COURTAGE EN ASSURANCE
361;SOCIETE IVOIRIENNE D'INTELLIGENCE FINANCIERE;ABIDJAN;MARCORY;225 05 45 26 32 63;INTERMEDIATION EN BANQUE ET FINANCE
362;NET SERVICES PLUS;ABIDJAN;KOUMASSI;225 05 45 26 32 63;PRESTATION DE SERVICE
363;KONAN KOFFI NORBERT;MARAHOUE;BOUAFLE;225 07 08 26 19 43;ELEVAGE
364;GROUPE SCOLAIRE KOROKO;ABIDJAN;ABOBO;225 0759 97 08 03;ENSEIGNEMENT
365;CABINET AFRIQUE STRATEGIES SARL;ABIDJAN;PLATEAU;225 07 07 13 58 78;FORMATION PROFESSIONNELLE
366;SEATHIEL CI;ABIDJAN;COCODY;225 07 57 19 55 19;COMMERCE GENERAL, PRESTATIONS DIVERSES
367;CAPITAL IVOIRE ENTREPRISE;ABIDJAN;COCODY;225 07 57 11 12 55;VENTE DE MATERIEL ET CONSOMMABLES INFORMATIQUES
368;ALPHA SY MULTISERVICES;ABIDJAN;ADJAME;225 07 07 98 82 53;COMMERCE GENERALE, IMPORT-EXPORT
369;WENDY & CO;ABIDJAN;COCODY;225 07 07 66 54 13;REGIE PUBLICITAIRE
370;NORD SUD TRANSPORT;SUD COMOE;ABOISSO;225 07 07 54 12 22;TRANSPORT / LOGISTIQUE
371;MULTISERVICES;TONKPI;MAN;225 07 07 69 66 07;DISTRIBUTION DE CANAL PLUS ET COMMERCE GENERAL
372;MOAYE SERVICE;LACS;TOUMODI;225 07 09 73 23 58;CONSEIL – ENCADREMENT – PRODUCTION ANIMALE
373;BIOLOGIE MEDICALE DISTRIBUTION / BIOMED;ABIDJAN;TREICHVILLE;225 07 07 90 90 80;VENTE DE REACTIFS ET APPAREILS DE LABORATO
374;HYGIENE IVOIRE INTERNATIONAL;ABIDJAN;TREICHVILLE;225 07 08 01 14 00;COMMERCE / NEGOCE / DISTRIBUTION
375;KANKIRA;ABIDJAN;TREICHVILLE;225 07 07 77 35 35;CREATION ET OUVERTURE D’UN POINT DE VENTE
376;AT MULTI-SERVICES;ABIDJAN;PLATEAU;225 07 07 12 41 67;VENTE DE MATERIELS ET CONSOMMABLES INFOR
377;ETS OGOU BIEHON HORTENSE;PORO;KORHOGO;225 07 09 93 48 99;ACTIVITES DE SERVICES, DE SOUTIEN ET DE BURE F
378;SERVICE AUTO IBRAHIM ET AICHA;ABIDJAN;YOPOUGON;225 07 49 49 05 55;LOCATION ET VENTE DE VEHICULES
379;NOVASYS;ABIDJAN;COCODY;07 09 48 70 54;Consulting et intEgration de services informatiques
380;AFRICAN RUBBER;ABIDJAN;ANYAMA;225 07 07 46 39 39;COMMERCE / NEGOCE / DISTRIBUTION
381;GREEN VISION GROUP CONSULTING SERVICE;ABIDJAN;COCODY;225 07 07 23 09 15;ETUDES ET CONSEILS
382;AFRIQUE PISTES ROUTES ET TRAVAUX PUBL;ABIDJAN;ANYAMA;225 07 07 46 39 39;REPROFILAGE DES PISTES ET ROUTES
383;N.A CONSULTING;ABIDJAN;COCODY;225 07 09 17 11 71;ACTIVITES DE SERVICES, DE SOUTIEN ET DE BURE M
384;OUVRAGES PUBLICS ET RESEAUX DE NEGOC HAUT-SASSANDRA;;DALOA;225 07 59 42 53 71;PRODUCTION ET VENTE DE SEMENCES, BATIMENT
385;MATRELEC;ABIDJAN;YOPOUGON;225 07 07 77 26 81;BTP / MATERIAUX DE CONSTRUCTION
386;SYNERGIES CONSULTING;ABIDJAN;COCODY;225 07 08 50 50 35;ETUDES ET CONSEILS
387;ENTREPRISE MENUISERIE TAPISSERIE CONS;TONKPI;BIANKOUMA;225 07 07 26 85 12;BTP / MATERIAUX DE CONSTRUCTION
388;YEKOD SARL;NAWA;SAN PEDRO;225 07 08 10 14 09;INFORMATIQUES
389;AFRICA DATA INTELLIGENCE;ABIDJAN;COCODY;225 05 84 80 90 86;ETUDES ET CONSEILS
390;COMPAGNIE AFRICAINE DE PRESTATIONS DE ABIDJAN;;TREICHVILLE;225 07 08 74 08 42;ASSURANCE
391;ENTREPRISE FADIKA ET FILS;ABIDJAN;COCODY;225 07 88 22 06 01;EXPLOITATION DE RESIDENCE
392;ETABLISSEMENT SORNA TRANSIT;ABIDJAN;MARCORY;225 07 57 57 61 31;TRANSIT- DOUANE
393;FANE VOYAGES;ABIDJAN;ANYAMA;225 07 78 24 70 64;BILLETERIE, VOYAGE, TOURISME
394;MAMIANOU;GBEKE;BOUAKE;225 07 07 30 37 58;HOTELLERIE
395;SOCIETE COOPERATIVE IVOIRIENNE DES FEMMMES;SUD COMOE;ABOISSO;225 07 07 66 17 36;COLLECTE, COMMERCIALISATION ET TRANSFORM
396;SOCIETE COOPERATIVE DEPARTEMENTALE;ME;ADZOPE;225 07 58 58 37 35;COLLECTE,STOCKAGE ET LIVRAISON DE PRODUIT
397;TOURE TINGNIN YOLANDE MAMAN / TOTIYOM;ABIDJAN;YOPOUGON;225 07 09 52 52 55;BTP / MATERIAUX DE CONSTRUCTION
398;SOCIETE DE DISTRIBUTION, DE NEGOCE ET;ABIDJAN;PLATEAU;225 07 07 01 08 01;COMMERCE / NEGOCE / DISTRIBUTION
399;E.C.T - BTP;ABIDJAN;COCODY;225 07 07 74 23 19;BTP / MATERIAUX DE CONSTRUCTION
400;KONE ADAMA;ABIDJAN;KOUMASSI;225 07 08 98 58 74;FOURNITURE INSTALLATION DE MATERIELS HYDR
401;IVOIRE HOLDING;ABIDJAN;KOUMASSI;225 07 08 07 50 12;CONSTRUCTION DE BATIMENTS, ETUDE-REHABILIT M
402;CENTRE DE COMMUNICATION ET DE DEVELO;ABIDJAN;COCODY;225 07 07 07 80 02;ETUDES ET CONSEILS
403;SOCIETE D’ETUDE ET DE REALISATION ELECT;ABIDJAN;KOUMASSI;225 07 59 02 22 46;ETUDE ET REALISATION DES TRAVAUX D’ELECTRI
404;M.S TRADER SARL;ABIDJAN;TREICHVILLE;225 07 47 84 83 59;IMPORT-EXPORT, IMPORTATION DE POISSON ET A
405;ETABLISSEMENT KOUMALASSO;ABIDJAN;TREICHVILLE;225 07 08 72 21 66;ACHAT ET VENTE DE TRACTEURS, IMPORT-EXPOR
406;LABORATOIRE TIEME;ABIDJAN;TREICHVILLE;225 07 57 72 31 69;VENTE DE PRODUITS DENTAIRE
407;ZEILA CONCEPT-SARL;ABIDJAN;COCODY;225 07 57 58 54 84;BTP / MATERIAUX DE CONSTRUCTION
408;IVOIRY COCOA WASTE PRODUCTS;NAWA;SAN PEDRO;07 87 50 42 81;COMMERCIALISATION, TRANSPORT DE DECHETS D M
409;ETS INDUSTRIE–COMMERCE–BATIMENT–GEN;ABIDJAN;ABOBO;225 07 77 76 17 17;ETUDE, REALISATION TRAVAUX BATIMENT
410;MULTI CONCEPT;ABIDJAN;COCODY;225 07 47 57 17 90;BTP / MATERIAUX DE CONSTRUCTION
411;DOSSO VASSINDOU (ETABLISSEMENT ROCH);TONKPI;MAN;225 07 09 54 29 00;BTP / MATERIAUX DE CONSTRUCTION
412;TOALI SIMONE (ETS DIVINE GRACE);ABIDJAN;COCODY;225 01 01 66 16 80;ETUDE ET TRAVAUX DE MAINTENANCE DU RESEA
413;KOUYATE BOUBACAR;SUD COMOE;ABOISSO;225 05 05 68 48 02;VENTE D’ARTICLE DIVERS, BTP
414;ETABLISSEMENT HERASSOU;ABIDJAN;TREICHVILLE;225 07 07 37 37 21;CONSTRUCTION, BTP, COMMERCE GENERAL, PRE
415;ACTION + ABIDJAN;ABIDJAN;PLATEAU;225 07 08 89 06 15;PUBLICITE - IMPRIMERIE
416;LA SOURCE;LOH-DJIBOUA;DIVO;225 01 01 33 39 67;VENTE DE GAZ BUTANE
417;MARHABA HOTEL;GONTOUGO;BONDOUKOU;225 07 07 38 32 70;HEBERGEMENT ET RESTAURATION
418;BOULANGERIE PATISSERIE DE L’OCEAN;ABIDJAN;PORT-BOUET;225 07 07 38 32 70;BOULANGERIE - PATISSERIE
419;IMANE ET OVADIA;ABIDJAN;PORT-BOUET;225 07 07 99 35 95;ACHAT ET LOCATION, IMPORT-EXPORT, ELEVAGE
420;HUILERIES ET SAVONNERIES DU SUD;SUD-COMOE;BONOUA;225 05 05 50 01 01;TRANSFORMATION MATIERES PREMIERES
421;SOCIETE TOURE ET FRERES;HAUT-SASSANDRA;DALOA;225 05 04 35 00 00;COMMERCE GENERAL
422;ETABLISSEMENT ARMEL ET LINA SERVICES;ABIDJAN;YOPOUGON;225 07 08 06 38 65;SOUS DEPOT DE BOISSONS, COMMERCE GENERA
423;OCEAN GOLF SHIPPING;ABIDJAN;TREICHVILLE;225 07 09 03 15 73;MANUTENTION, AVITAILLEMENT, IMPORT-EXPORT
424;PRESTA-TECH;ABIDJAN;MARCORY;225 07 79 20 41 24;ASSURANCE, DIVERS AUTRES PRESTATIONS DE S
425;SOCIETE NOUVELLE DE DISTRIBUTION;GOH;GAGNOA;225 01 01 00 02 27;DISTRIBUTION DE BOISSONS
426;ETABLISSEMENT KAO;ABIDJAN;ABOBO;225 07 08 49 32 15;AGROALIMENTAIRE
427;GLOBAL BUSINESS ENTREPRISE;ABIDJAN;COCODY;225 07 58 52 16 14;FOURNITURE DE BUREAUX, ENTRETIEN
428;AMA COSMETIQUE INTERNATIONAL;ABIDJAN;COCODY;07 07 49 31 58;FABRICATION DE PRODUITS COSMETIQUES
429;ENTREPRISE ARTYVET;ABIDJAN;COCODY;07 78 03 99 83;AGROALIMENTAIRE
430;ENTREPRISE SIRIKOLO OUATTARA;BOUKANI;BOUNA;01 41 18 26 25;BTP / MATERIAUX DE CONSTRUCTION
431;KONE MOHAMED;ABIDJAN;ABOBO;07 07 13 88 11;VENTE DE MARCHANDISES ET DIVERS
432;LES KORYS;ABIDJAN;PLATEAU;07 07 59 87 64;INTERMEDIAIRE FINANCIERE, LES TRAVAUX PUBLI
433;SOCIETE IVOIRIENNE D'INGENIERIE CONSEIL;ABIDJAN;COCODY;07 07 72 70 91;BTP / MATERIAUX DE CONSTRUCTION
434;ETABLISSEMENT KONE MAMADOU;ABIDJAN;YOPOUGON;07 57 65 93 22;BTP / FORMATION, TRAVAUX BATIMENT, GENIE CIV
435;IDOINES SERVICES;ABIDJAN;YOPOUGON;07 07 46 85 53;COMMERCE GENERAL, ACHAT ET VENTE DE MARC
436;PARAH GROUPE;ABIDJAN;COCODY;07 07 74 74 39;NETTOYAGE INDUSTRIEL, DERATISATION,DESINSE
437;CIRMAD-CI SARL;ABIDJAN;ABOBO;07 08 15 70 40;CONSTRUCTIONS, ET REABILITATIONS DE BATIME
438;HUILERIE MODERNE DE OUANGOLODOUGOU;TCHOLOGO;OUANGOLODOUGOU;07 08 23 55 53;HUILERIE
439;UNIVERSEL BTP-SARL;TCHOLOGO;OUANGOLODOUGOU;07 08 23 55 53;BTP / MATERIAUX DE CONSTRUCTION
440;ENTREPRISE DIABAGATE SIAKA;BOUKANI;BOUNA;07 08 77 38 46;CONSTRUCTION DE BATIMENT ET DIVERS
441;EBURNIE DENRES;ABIDJAN;YOPOUGON;07 48 22 96 89;VENTE ET PRODUCTION DE VIVRIERS
442;ZOOMAS CONSULTING;ABIDJAN;COCODY;07 47 31 78 01;LE COURTAGE EN PUBLICITE, LE CONSEIL EN COM
443;OUATTARA MARIAME;ABIDJAN;KOUMASSI;07 49 63 30 10;MECANIQUE AUTO TOLERIE-ELECTRICITE AUTO-T
444;MUAHE SERVICE;ABIDJAN;MARCORY;07 07 90 21 61;IMPORT- EXPORT, LA PROMOTION IMMOBILIERE, D
445;APUK;ABIDJAN;KOUMASSI;07 87 59 42 46;COMMUNICATION EVENEMENTIELLE, FOURNITURE
446;SOCIETE IVOIRIENNE D'INTELLIGENCE NUME;ABIDJAN;MARCORY;05 45 26 32 63;INTEGRATEUR DE SERVICES INFORMATIQUES
447;STYLE PLURIEL;ABIDJAN;COCODY;01 01 11 37 11;MARKETING, CONSTRUCTION
448;DISTRI-MED;ABIDJAN;YOPOUGON;07 09 87 33 11;DISTRIBUTION DE MATERIEL MEDICAL
449;COMPTOIR COMMERCIAL IVOIRO-AMERICAIN;ABIDJAN;COCODY;+225 07 49 09 07 28;ACHAT ET VENTE DE PRODUITS AGRICOLES
450;KADI PRESTIGE;ABIDJAN;MARCORY;+225 07 08 15 46 07;PRESTATIONS DE SERVICES, AGENCE DE VOYAGE
451;EIFFEL COTE D’IVOIRE;ABIDJAN;TREICHVILLE;+225 01 03 80 89 89;BTP – GENIE CIVIL
452;SEV DIETETIQUE;ABIDJAN;TREICHVILLE;+225 07 08 58 17 82;DISTRIBUTION ET VENTE DE PRODUITS ET ACCES
453;SADIA TRANSIT SARL;ABIDJAN;TREICHVILLE;+225 07 09 24 05 24;COMMISSIONNAIRE EN DOUANE
454;SOCIETE AFRICAINE DE TRAVAUX PUBLICS E;ABIDJAN;MARCORY;+225 05 06 22 15 15;BTP / MATERIAUX DE CONSTRUCTION
455;D.B ESPOIR;KORHOGO;PORO;+225 07 49 00 00 04;VENTE DE PRODUITS PHYTOSANITAIRES, ACHAT E
456;INTEGRAL PROCESS;ABIDJAN;YOPOUGON;+225 05 05 06 11 44;INFORMATIQUES
457;SAMAN SERVICES ESPOIR;ABIDJAN;COCODY;+225 07 47 77 48 80;VENTE DE KITS D’IRRIGATION, AMENAGEMENT DE
458;THE BLUE LEGEND;ABIDJAN;YOPOUGON;+225 07 59 23 24 60;PRODUCTION MUSICALE (STUDIO DE MUSIQUE, BR
459;COOPERATIVE EXCELLENCE DE COTE D’IVOI;ABIDJAN;COCODY;+225 07 09 32 16 35;COMMERCE / NEGOCE / DISTRIBUTION
460;KOUDJI-SERVICES;ABIDJAN;TREICHVILLE;+225 07 07 91 70 60;PRESTATION DE SERVICES EN ELEVAGE, ETUDE,
461;SOCIETE DIABY KALADJI;ABIDJAN;ADJAME;+225 07 07 33 85 15;ETUDES ET REALISATIONS D’OUVRAGES – BTP – R
462;ENTREPRISE DE TRANSPORT CISSE ET PART;ABIDJAN;ABOBO;+225 07 79 79 48 30;LE TRANSPORT EN TOUT GENRE, LE TRANSPORT
463;INTER GROUP BUSINESS;ABIDJAN;COCODY;+225 07 07 84 11 85;VENTE DE PRODUITS ALIMENTAIRES AGRICOLES
464;LOGISTICS SUPPLY CHAIN CONSULTING;ABIDJAN;COCODY;+225 01 02 50 87 94;ACTIVITES DE SERVICES, DE SOUTIEN ET DE BURE M
465;WOOD PACKAGING INDUSTRY;ABIDJAN;GRAND-BASSAM;+225 07 57 22 04 22;MENUISERIE INDUSTRIELLE
466;CHEZ BIL;ABIDJAN;COCODY;+225 07 47 90 66 91;NETTOYAGE, REPARATION ET PERSONNALISATIO
467;DIDI ECO PHYTO;ABIDJAN;COCODY;+225 07 47 69 67 10;IMPORTATION ET LA DISTRIBUTION DE PRODUITS
468;KAYEL LOGISTIQUE COTE D’IVOIRE;ABIDJAN;TREICHVILLE;+225 07 48 87 55 66;TRANSPORTS / LOGISTIQUE
469;EXPERTS ASSOCIES POUR LE DEVELOPPEMENT;ABIDJAN;COCODY;+225 07 08 74 69 12;AGRICULTURE ET DEVELOPPEMENT
470;OUEST AFRICA CONSTRUCTION;ABIDJAN;TREICHVILLE;+225 07 08 08 52 51;BTP / MATERIAUX DE CONSTRUCTION
471;ALLTECH;ABIDJAN;COCODY;+225 07 09 02 40 01;INFORMATIQUES
472;NORIA PRESTATIONS;ABIDJAN;COCODY;+225 07 48 25 60 94;PRESTATIONS DE SERVICE DIVERS
